-- phpMyAdmin SQL Dump
-- version 5.1.3
-- https://www.phpmyadmin.net/
--
-- Host: 127.0.0.1
-- Waktu pembuatan: 31 Jan 2023 pada 08.44
-- Versi server: 10.4.24-MariaDB
-- Versi PHP: 7.4.29

SET SQL_MODE = "NO_AUTO_VALUE_ON_ZERO";
START TRANSACTION;
SET time_zone = "+00:00";


/*!40101 SET @OLD_CHARACTER_SET_CLIENT=@@CHARACTER_SET_CLIENT */;
/*!40101 SET @OLD_CHARACTER_SET_RESULTS=@@CHARACTER_SET_RESULTS */;
/*!40101 SET @OLD_COLLATION_CONNECTION=@@COLLATION_CONNECTION */;
/*!40101 SET NAMES utf8mb4 */;

--
-- Database: `qurban_time`
--

-- --------------------------------------------------------

--
-- Struktur dari tabel `ci_sessions`
--

CREATE TABLE `ci_sessions` (
  `id` varchar(128) NOT NULL,
  `ip_address` varchar(45) NOT NULL,
  `timestamp` int(10) UNSIGNED NOT NULL DEFAULT 0,
  `data` blob NOT NULL
) ENGINE=InnoDB DEFAULT CHARSET=utf8mb4;

--
-- Dumping data untuk tabel `ci_sessions`
--

INSERT INTO `ci_sessions` (`id`, `ip_address`, `timestamp`, `data`) VALUES
('bpv2k77b07thf9pghjhpdj6mn74bfdvo', '::1', 1674794691, 0x5f5f63695f6c6173745f726567656e65726174657c693a313637343739343639313b),
('v6g6830obrt7g6c9d03tbmt197k173qs', '::1', 1674795032, 0x5f5f63695f6c6173745f726567656e65726174657c693a313637343739353033323b7265646972656374696f6e7c4e3b5f5f4143544956455f53455353494f4e5f444154417c733a3235363a226161323766643736323265366662336437633333363366316137346538373032666265656232383335656430373461306664393561343461356165626262326665303030333163313763346461303439373766626531656662643034343233613434333334326530346363633938626161333335353934646163356365643964304c33413879566a626f71552f4f482b504a49585153516c547a587a6f31554f4f64473855314a51524d35336170586c6469654d777a43336c73734e3343683030674a654e736a503366526b6355454278597a657a547a384b3558686a4d33796d54766c50356e34527572575675736b44464d6175734474662b756b2f536e30223b),
('10mujukomntv7d7fk49s6k0i11i1naur', '::1', 1674795689, 0x5f5f63695f6c6173745f726567656e65726174657c693a313637343739353638393b7265646972656374696f6e7c4e3b5f5f4143544956455f53455353494f4e5f444154417c733a3235363a226161323766643736323265366662336437633333363366316137346538373032666265656232383335656430373461306664393561343461356165626262326665303030333163313763346461303439373766626531656662643034343233613434333334326530346363633938626161333335353934646163356365643964304c33413879566a626f71552f4f482b504a49585153516c547a587a6f31554f4f64473855314a51524d35336170586c6469654d777a43336c73734e3343683030674a654e736a503366526b6355454278597a657a547a384b3558686a4d33796d54766c50356e34527572575675736b44464d6175734474662b756b2f536e30223b),
('dbojv4r4jr1aufbdvmos14ieq0oc0nci', '::1', 1674796009, 0x5f5f63695f6c6173745f726567656e65726174657c693a313637343739363030393b7265646972656374696f6e7c4e3b5f5f4143544956455f53455353494f4e5f444154417c733a3235363a226161323766643736323265366662336437633333363366316137346538373032666265656232383335656430373461306664393561343461356165626262326665303030333163313763346461303439373766626531656662643034343233613434333334326530346363633938626161333335353934646163356365643964304c33413879566a626f71552f4f482b504a49585153516c547a587a6f31554f4f64473855314a51524d35336170586c6469654d777a43336c73734e3343683030674a654e736a503366526b6355454278597a657a547a384b3558686a4d33796d54766c50356e34527572575675736b44464d6175734474662b756b2f536e30223b),
('divb18droiu2pann252903unkh8arq9h', '::1', 1674796380, 0x5f5f63695f6c6173745f726567656e65726174657c693a313637343739363338303b7265646972656374696f6e7c4e3b),
('offjg6te4nhafgj9nl864aq95vkjcm75', '::1', 1674796790, 0x5f5f63695f6c6173745f726567656e65726174657c693a313637343739363739303b7265646972656374696f6e7c4e3b5f5f4143544956455f53455353494f4e5f444154417c733a3235363a2234653532343934623562616566313062326538353334343265346265633030326231363939613662353436326638626466306536626539336566336265363135303536633234636536636336363137646235376264616265343430633639383964316339343037353832313537326130343935383639343932663065366166366c434176766e363455514242394757727a375a32574e6a75724d516833745a466f6654356a324b574645756f5357357a63555470414c69396f4c44306b756f7470784c5a6f6673547772494b5362382b5476767051755445756b4a764677434149734a6553585532524145682b3133704977696d4c2f69735636482b612b4c45223b),
('dmuv98v19qjb28rp50ir9f4v2jqjp1jt', '::1', 1674796690, 0x5f5f63695f6c6173745f726567656e65726174657c693a313637343739363639303b),
('iktofo737qf0neovhd4vco8fjp8vs6u1', '::1', 1674796839, 0x5f5f63695f6c6173745f726567656e65726174657c693a313637343739363739303b7265646972656374696f6e7c4e3b5f5f4143544956455f53455353494f4e5f444154417c733a3235363a2234653532343934623562616566313062326538353334343265346265633030326231363939613662353436326638626466306536626539336566336265363135303536633234636536636336363137646235376264616265343430633639383964316339343037353832313537326130343935383639343932663065366166366c434176766e363455514242394757727a375a32574e6a75724d516833745a466f6654356a324b574645756f5357357a63555470414c69396f4c44306b756f7470784c5a6f6673547772494b5362382b5476767051755445756b4a764677434149734a6553585532524145682b3133704977696d4c2f69735636482b612b4c45223b),
('vdpcuku1p6og064j66uq7nv5su4pmk42', '::1', 1674797887, 0x5f5f63695f6c6173745f726567656e65726174657c693a313637343739373734373b),
('o8l6ts0kk4fmt39apss6gga21hkd26g0', '::1', 1674833617, 0x5f5f63695f6c6173745f726567656e65726174657c693a313637343833333335303b7265646972656374696f6e7c4e3b),
('fgdudcbppg92gpei7hv9emq3dramh1rf', '::1', 1674992076, 0x5f5f63695f6c6173745f726567656e65726174657c693a313637343939313830313b7265646972656374696f6e7c4e3b5f5f4143544956455f53455353494f4e5f444154417c733a3235363a223735343330303062343535316461666266643833376536373166373364613231643530356138313735663330656566303538333364336638373263316538346438663466373738646538316136393966616365643631353233306364363032383536346265333935363436616330633237366234646137663465363931313865394d6963594a3862585651394679697a6e324d52766e3345763563356765716d36614c4a4c694b6849322f72334f6e51562f354b3550663054504d776c57367068634a536c59534c77717a7679584338302f506a5744536a456377764d436d4f36653061754d727242486333706c766f2b6244623149613652432b5a4c6b3864223b6f726465725f7175616e746974797c613a313a7b693a313b613a323a7b733a333a22717479223b643a313b733a353a227072696365223b643a31353030303030303b7d7d746f74616c5f70726963657c643a31353030303030303b),
('jn51e9rhpbrc0h17bsc9fkd58vi9b4dq', '::1', 1675089118, 0x5f5f63695f6c6173745f726567656e65726174657c693a313637353038393131383b7265646972656374696f6e7c4e3b),
('hbvq6d2268fjr77e900ibu30v7kn9jdu', '::1', 1675089668, 0x5f5f63695f6c6173745f726567656e65726174657c693a313637353038393636383b7265646972656374696f6e7c4e3b5f5f4143544956455f53455353494f4e5f444154417c733a3235363a2232323964346561653065333931353963316466666633396336363335326663366564376136333439373236633231323332333330366637316439326336653163666536656530613963323631343338613466326563623131353134636365623734336531383131383662303264383230383333393436316233633062346361334c43375846445868753866736e7243576a64364f4d2b37414e636954347056503541625130556f5a47302f6852654159635730357a45784e6338724a415077747573634e4131363649346876387674365059347978686f5538542b69536d557a4250706f61756139387865335633722f567a37374678654465573732596f6178223b),
('8o8iuggb22ii2rm4e48bb42vkb57dnmk', '::1', 1675089976, 0x5f5f63695f6c6173745f726567656e65726174657c693a313637353038393937363b7265646972656374696f6e7c4e3b5f5f4143544956455f53455353494f4e5f444154417c733a3235363a2232323964346561653065333931353963316466666633396336363335326663366564376136333439373236633231323332333330366637316439326336653163666536656530613963323631343338613466326563623131353134636365623734336531383131383662303264383230383333393436316233633062346361334c43375846445868753866736e7243576a64364f4d2b37414e636954347056503541625130556f5a47302f6852654159635730357a45784e6338724a415077747573634e4131363649346876387674365059347978686f5538542b69536d557a4250706f61756139387865335633722f567a37374678654465573732596f6178223b),
('58dnfn52vlm5ga1qdhnssfi8e422od5f', '::1', 1675090595, 0x5f5f63695f6c6173745f726567656e65726174657c693a313637353039303539353b7265646972656374696f6e7c4e3b5f5f4143544956455f53455353494f4e5f444154417c733a3235363a2232323964346561653065333931353963316466666633396336363335326663366564376136333439373236633231323332333330366637316439326336653163666536656530613963323631343338613466326563623131353134636365623734336531383131383662303264383230383333393436316233633062346361334c43375846445868753866736e7243576a64364f4d2b37414e636954347056503541625130556f5a47302f6852654159635730357a45784e6338724a415077747573634e4131363649346876387674365059347978686f5538542b69536d557a4250706f61756139387865335633722f567a37374678654465573732596f6178223b),
('e3qjp7r0h8au7fub8cktrjc73nbms0hr', '::1', 1675091297, 0x5f5f63695f6c6173745f726567656e65726174657c693a313637353039313239373b7265646972656374696f6e7c4e3b5f5f4143544956455f53455353494f4e5f444154417c733a3235363a2232323964346561653065333931353963316466666633396336363335326663366564376136333439373236633231323332333330366637316439326336653163666536656530613963323631343338613466326563623131353134636365623734336531383131383662303264383230383333393436316233633062346361334c43375846445868753866736e7243576a64364f4d2b37414e636954347056503541625130556f5a47302f6852654159635730357a45784e6338724a415077747573634e4131363649346876387674365059347978686f5538542b69536d557a4250706f61756139387865335633722f567a37374678654465573732596f6178223b),
('63hbn5df7oj5olj6n73q0hbvhpag2qls', '::1', 1675091707, 0x5f5f63695f6c6173745f726567656e65726174657c693a313637353039313730373b7265646972656374696f6e7c4e3b5f5f4143544956455f53455353494f4e5f444154417c733a3235363a2236386563303935656538636333613739363131353437636465666132653738616235326531623261643133653163373462313337326464653034306536663965393032306262396531636464383662306362393363396161663866353230353838303638653338626236626332366136636136646563343238666330336163667669506e5941354a6e4467336a4a464355556335315676506e4551497679724a6333614465664c3772766d4c524a75305854347a6178417477572b646f664f313347795a7954455146334e79374b6278717431552b4f706e62563151796c686a625572414f64476d6e4a57576972594c462b4e703359594539354c46514b3675223b),
('0rbvgs3c0f1e2gt9vav722pprspjfftn', '::1', 1675092227, 0x5f5f63695f6c6173745f726567656e65726174657c693a313637353039323232373b7265646972656374696f6e7c4e3b5f5f4143544956455f53455353494f4e5f444154417c733a3235363a2237333531643334316633623263346463626461353565613438333866346239393235316564363265366565643466383033343335336439383430663532623435336238653230316234356138613931623834323231323633633331646431363037656136306630623834643932326632653862336163313064363838363230646c4a576c6b394a356c536f356c41526d78376a61384b3755486b41577a50695a71376f386636794d43502f64665051597346426d674f5769694266764d5353324d586748616e5757383848345271513764514c457050766f4d617638717679722b675276382f4431796e314978694275314b324b63394b693645594f77575172223b),
('2mibfhbnrljg2e3fl9fg5vvfhoibsrhp', '::1', 1675092529, 0x5f5f63695f6c6173745f726567656e65726174657c693a313637353039323532393b7265646972656374696f6e7c4e3b636172745f636f6e74656e74737c613a333a7b733a31303a22636172745f746f74616c223b643a31353030303030303b733a31313a22746f74616c5f6974656d73223b643a313b733a33323a226334636134323338613062393233383230646363353039613666373538343962223b613a363a7b733a323a226964223b733a313a2231223b733a333a22717479223b643a313b733a353a227072696365223b643a31353030303030303b733a343a226e616d65223b733a343a2253617069223b733a353a22726f776964223b733a33323a226334636134323338613062393233383230646363353039613666373538343962223b733a383a22737562746f74616c223b643a31353030303030303b7d7d6f726465725f7175616e746974797c613a313a7b693a313b613a323a7b733a333a22717479223b643a313b733a353a227072696365223b643a31353030303030303b7d7d746f74616c5f70726963657c643a31353030303030303b5f5f4143544956455f53455353494f4e5f444154417c733a3235363a223837636232313765666666643034313263656638666331363030353439333834633965383839366135643337393937343734336364366239346331323064646264353033663031626231326136373530623539386363663763616631323231306666353464616538396331386138336139613363363437366366303566303364393439645748355a4a7748476567336c58794c596b4f484b36624b7938566c4372594d786b4373546a52724c4a313258584c4e7675456c6565515843744a4f6c4f4c4d357247772f6f584b414f323175352b4a396a466d6e63652b64464d796a636b4754774577756a63576b466f576847736e614c4639693258797177393951223b),
('f4hvqno1j34pcg4i5rlqn65amcp5pl7o', '::1', 1675092922, 0x5f5f63695f6c6173745f726567656e65726174657c693a313637353039323932323b7265646972656374696f6e7c4e3b6c6f67696e5f666c6173687c733a31363a22426572686173696c206c6f676f757421223b5f5f63695f766172737c613a313a7b733a31313a226c6f67696e5f666c617368223b733a333a226f6c64223b7d),
('1qegs2tas2h8taffn27kkng5s158d0sl', '::1', 1675093472, 0x5f5f63695f6c6173745f726567656e65726174657c693a313637353039333437323b7265646972656374696f6e7c4e3b5f5f4143544956455f53455353494f4e5f444154417c733a3235363a22636662343534353334306363313166646234313130313265303162303434613433626636396666616236306636346462343939373861656537393763326131643938343739333235383937333864323137656533393531653134613762623334646338646237613635323737363537346335346464323138656362393565353966487372504f384c672b3549376437616b695258752f616c484a637550774b3130763361677a6474437545356a554335786f43793137366d754f59373754364239563931377a345751746b735242376f72442b42367072494272745a553175784958485850464a456e746f6132793273524e5655557a684f6669664c7a36664c223b6f726465725f666c6173687c733a32363a2253746174757320626572686173696c2064697065726261727569223b5f5f63695f766172737c613a313a7b733a31313a226f726465725f666c617368223b733a333a226f6c64223b7d),
('80sp9e3lrk6nlug44orujpgh8n2f5amm', '::1', 1675094652, 0x5f5f63695f6c6173745f726567656e65726174657c693a313637353039343635323b7265646972656374696f6e7c4e3b6c6f67696e5f666c6173687c733a31363a22426572686173696c206c6f676f757421223b5f5f63695f766172737c613a313a7b733a31313a226c6f67696e5f666c617368223b733a333a226f6c64223b7d),
('v5krt10m9ftqprro5fjkijtdt44c2oj8', '::1', 1675095068, 0x5f5f63695f6c6173745f726567656e65726174657c693a313637353039353036383b7265646972656374696f6e7c4e3b),
('krbp1rvn49q0lgn8ij39mvvdisp4scl2', '::1', 1675095378, 0x5f5f63695f6c6173745f726567656e65726174657c693a313637353039353337383b7265646972656374696f6e7c4e3b),
('7mkpar9prcrgb7ugvpclq5ui9cmsrhub', '::1', 1675095724, 0x5f5f63695f6c6173745f726567656e65726174657c693a313637353039353732343b7265646972656374696f6e7c4e3b5f5f4143544956455f53455353494f4e5f444154417c733a3235363a223739306236393633373035343461356231626264343961653265373966306433643737623765343164343862663866313335363764653937613764323638663564383862326637663166306430316232616136613039656464333162373837623766643832353532623233303261376630386336653636626439326363666431397451795a376c4b47776a52784f7031676a396c3639692f6f3564656e526a6b5636566b4561366b4c6e466a474339505948664568466b577a6367426e4946644f614f3733626b427758346e517636667969704779375534376568676645666a483144416b44766278306c763844784f6a472f31324542437533383130685538223b636172745f636f6e74656e74737c613a333a7b733a31303a22636172745f746f74616c223b643a33303030303030303b733a31313a22746f74616c5f6974656d73223b643a323b733a33323a226334636134323338613062393233383230646363353039613666373538343962223b613a363a7b733a323a226964223b733a313a2231223b733a333a22717479223b643a323b733a353a227072696365223b643a31353030303030303b733a343a226e616d65223b733a343a2253617069223b733a353a22726f776964223b733a33323a226334636134323338613062393233383230646363353039613666373538343962223b733a383a22737562746f74616c223b643a33303030303030303b7d7d),
('veid92a1l96vegdbkacn3otskem32r5h', '::1', 1675096098, 0x5f5f63695f6c6173745f726567656e65726174657c693a313637353039363039383b7265646972656374696f6e7c4e3b5f5f4143544956455f53455353494f4e5f444154417c733a3235363a223739306236393633373035343461356231626264343961653265373966306433643737623765343164343862663866313335363764653937613764323638663564383862326637663166306430316232616136613039656464333162373837623766643832353532623233303261376630386336653636626439326363666431397451795a376c4b47776a52784f7031676a396c3639692f6f3564656e526a6b5636566b4561366b4c6e466a474339505948664568466b577a6367426e4946644f614f3733626b427758346e517636667969704779375534376568676645666a483144416b44766278306c763844784f6a472f31324542437533383130685538223b636172745f636f6e74656e74737c613a333a7b733a31303a22636172745f746f74616c223b643a33303030303030303b733a31313a22746f74616c5f6974656d73223b643a323b733a33323a226334636134323338613062393233383230646363353039613666373538343962223b613a363a7b733a323a226964223b733a313a2231223b733a333a22717479223b643a323b733a353a227072696365223b643a31353030303030303b733a343a226e616d65223b733a343a2253617069223b733a353a22726f776964223b733a33323a226334636134323338613062393233383230646363353039613666373538343962223b733a383a22737562746f74616c223b643a33303030303030303b7d7d6f726465725f7175616e746974797c613a313a7b693a313b613a323a7b733a333a22717479223b643a323b733a353a227072696365223b643a31353030303030303b7d7d746f74616c5f70726963657c643a33303030303030303b),
('0idevhs33suln7gq6sdun27r8n3dagmb', '::1', 1675096433, 0x5f5f63695f6c6173745f726567656e65726174657c693a313637353039363433333b7265646972656374696f6e7c4e3b5f5f4143544956455f53455353494f4e5f444154417c733a3235363a223739306236393633373035343461356231626264343961653265373966306433643737623765343164343862663866313335363764653937613764323638663564383862326637663166306430316232616136613039656464333162373837623766643832353532623233303261376630386336653636626439326363666431397451795a376c4b47776a52784f7031676a396c3639692f6f3564656e526a6b5636566b4561366b4c6e466a474339505948664568466b577a6367426e4946644f614f3733626b427758346e517636667969704779375534376568676645666a483144416b44766278306c763844784f6a472f31324542437533383130685538223b),
('6d6lvta4u1oi63q3e96v7udipb6rsf8j', '::1', 1675096812, 0x5f5f63695f6c6173745f726567656e65726174657c693a313637353039363831323b7265646972656374696f6e7c4e3b5f5f4143544956455f53455353494f4e5f444154417c733a3235363a226562393531363635666263383962383137663832383030386637663833626137326665313539623637666432653533326634653061363335626136626162633530323536333637393532663937313764653663623461313065626436323135303837613031343637356164326237656666613735303266383034356461373437777544566b517276513379416e726f3661657a744648563638666b50594b45582f336773716a6c59454c343043766c50725a3548394a74517531743853464678756a33317a716c6a425a36654b377a7257676761353958693364367a616f6272395568694970672f782b2b666f4a4a7030757345396c6e4b6b304d783278496c223b),
('56qt2fi0dip947nsi1jti9ris0633jp8', '::1', 1675097218, 0x5f5f63695f6c6173745f726567656e65726174657c693a313637353039373231383b7265646972656374696f6e7c4e3b5f5f4143544956455f53455353494f4e5f444154417c733a3235363a226562393531363635666263383962383137663832383030386637663833626137326665313539623637666432653533326634653061363335626136626162633530323536333637393532663937313764653663623461313065626436323135303837613031343637356164326237656666613735303266383034356461373437777544566b517276513379416e726f3661657a744648563638666b50594b45582f336773716a6c59454c343043766c50725a3548394a74517531743853464678756a33317a716c6a425a36654b377a7257676761353958693364367a616f6272395568694970672f782b2b666f4a4a7030757345396c6e4b6b304d783278496c223b),
('f8hhp3rs3oatvp0e6jg28d0sllv7g4v0', '::1', 1675097575, 0x5f5f63695f6c6173745f726567656e65726174657c693a313637353039373537353b7265646972656374696f6e7c4e3b5f5f4143544956455f53455353494f4e5f444154417c733a3235363a2265643930663736616139396261336637663337313232333266373038306332336336303734633933646335623966653363633663393465663833656665333638386330653139643139323765353964656365323131313361363839386561613366626263336466646533663731303230363965633330363534386136336161664f4754613857377032552b2f5450354e4e4f316e77564f62526d65747830624274544a2b4175586b42634b7731584d377a784d3765786b494c7167467941774a63547870782f45764e39384f4a61584b366978654c4b6758636c52626c33546d4e6634634c724a2b5a6d5845557843314f4b57477044747a5566332f446c4865223b),
('hdr4c0f0ob4u2pr33jl249okd1b9rehm', '::1', 1675097950, 0x5f5f63695f6c6173745f726567656e65726174657c693a313637353039373935303b7265646972656374696f6e7c4e3b5f5f4143544956455f53455353494f4e5f444154417c733a3235363a2265643930663736616139396261336637663337313232333266373038306332336336303734633933646335623966653363633663393465663833656665333638386330653139643139323765353964656365323131313361363839386561613366626263336466646533663731303230363965633330363534386136336161664f4754613857377032552b2f5450354e4e4f316e77564f62526d65747830624274544a2b4175586b42634b7731584d377a784d3765786b494c7167467941774a63547870782f45764e39384f4a61584b366978654c4b6758636c52626c33546d4e6634634c724a2b5a6d5845557843314f4b57477044747a5566332f446c4865223b),
('snpmjqpnc7lkpg4ntqe07l8looua3h8s', '::1', 1675098943, 0x5f5f63695f6c6173745f726567656e65726174657c693a313637353039383934333b7265646972656374696f6e7c4e3b5f5f4143544956455f53455353494f4e5f444154417c733a3235363a2265643930663736616139396261336637663337313232333266373038306332336336303734633933646335623966653363633663393465663833656665333638386330653139643139323765353964656365323131313361363839386561613366626263336466646533663731303230363965633330363534386136336161664f4754613857377032552b2f5450354e4e4f316e77564f62526d65747830624274544a2b4175586b42634b7731584d377a784d3765786b494c7167467941774a63547870782f45764e39384f4a61584b366978654c4b6758636c52626c33546d4e6634634c724a2b5a6d5845557843314f4b57477044747a5566332f446c4865223b),
('ol7r6fe03k6a83fjme4lkr3kvm8pqvhd', '::1', 1675101654, 0x5f5f63695f6c6173745f726567656e65726174657c693a313637353130313635343b7265646972656374696f6e7c4e3b6c6f67696e5f666c6173687c733a31363a22426572686173696c206c6f676f757421223b5f5f63695f766172737c613a313a7b733a31313a226c6f67696e5f666c617368223b733a333a226f6c64223b7d),
('en0tqmq83eirerqolmvu2do90aem9avh', '::1', 1675101665, 0x5f5f63695f6c6173745f726567656e65726174657c693a313637353130313635343b7265646972656374696f6e7c4e3b5f5f4143544956455f53455353494f4e5f444154417c733a3235363a2231303132306562366362366232656633616534643835373739393431343530303865346634313264373862343938323332393866373565353764306535643334363636313961336461626231363430613030613234366138356462656537393531383332643665373637626231663630633461623563646134313363326134645349416631372b31435841527a5a32533462683343635735524e5059774449552b6f506846736d4468346946656a714d436b37426a4d74326e6e6d496752746733664973454b506f7169344b54414c67574774393862714c70644b384737353157713733556d704371684e46784435556562674f57726b676172434936683961223b),
('oh2uvei6qu35plo0o1f7gto5s8aofcoq', '::1', 1675146700, 0x5f5f63695f6c6173745f726567656e65726174657c693a313637353134363535373b7265646972656374696f6e7c4e3b6c6f67696e5f666c6173687c733a31363a22426572686173696c206c6f676f757421223b5f5f63695f766172737c613a313a7b733a31313a226c6f67696e5f666c617368223b733a333a226f6c64223b7d);

-- --------------------------------------------------------

--
-- Struktur dari tabel `contacts`
--

CREATE TABLE `contacts` (
  `id` int(10) NOT NULL,
  `parent_id` int(10) DEFAULT NULL,
  `name` varchar(32) NOT NULL,
  `subject` varchar(128) DEFAULT NULL,
  `email` varchar(64) NOT NULL,
  `message` mediumtext NOT NULL,
  `contact_date` datetime DEFAULT NULL,
  `status` tinyint(1) DEFAULT 1,
  `reply_at` datetime DEFAULT NULL
) ENGINE=InnoDB DEFAULT CHARSET=utf8mb4;

--
-- Dumping data untuk tabel `contacts`
--

INSERT INTO `contacts` (`id`, `parent_id`, `name`, `subject`, `email`, `message`, `contact_date`, `status`, `reply_at`) VALUES
(1, NULL, 'Ruswandi', 'Pengiriman kok lama?', 'ruswandi@gmail.com', 'pengirimannya kok sangat lama ya', '2023-03-25 07:40:13', 2, NULL);

-- --------------------------------------------------------

--
-- Struktur dari tabel `coupons`
--

CREATE TABLE `coupons` (
  `id` bigint(20) NOT NULL,
  `name` varchar(191) NOT NULL,
  `code` varchar(32) NOT NULL,
  `credit` decimal(8,2) NOT NULL,
  `start_date` date NOT NULL,
  `expired_date` date NOT NULL,
  `is_active` tinyint(4) DEFAULT 1
) ENGINE=InnoDB DEFAULT CHARSET=utf8mb4;

--
-- Dumping data untuk tabel `coupons`
--

INSERT INTO `coupons` (`id`, `name`, `code`, `credit`, `start_date`, `expired_date`, `is_active`) VALUES
(4, 'Berbagi Ramadhan', 'RAMADHAN2021', '5000.00', '2021-05-02', '2021-05-09', 1),
(5, 'WELCOME MAY', 'MAY21', '4000.00', '2021-05-01', '2021-05-08', 1);

-- --------------------------------------------------------

--
-- Struktur dari tabel `customers`
--

CREATE TABLE `customers` (
  `id` bigint(20) NOT NULL,
  `user_id` bigint(20) UNSIGNED DEFAULT NULL,
  `name` varchar(191) NOT NULL,
  `phone_number` varchar(32) DEFAULT NULL,
  `address` varchar(191) NOT NULL,
  `profile_picture` varchar(191) DEFAULT NULL
) ENGINE=InnoDB DEFAULT CHARSET=utf8mb4;

--
-- Dumping data untuk tabel `customers`
--

INSERT INTO `customers` (`id`, `user_id`, `name`, `phone_number`, `address`, `profile_picture`) VALUES
(1, 3, 'Jenets', '0828582468', 'victory', '882573.jpg'),
(2, 4, 'ruswandi', '08282848578', 'Jalan Sorong', NULL);

-- --------------------------------------------------------

--
-- Struktur dari tabel `orders`
--

CREATE TABLE `orders` (
  `id` bigint(20) NOT NULL,
  `user_id` bigint(20) UNSIGNED DEFAULT NULL,
  `coupon_id` bigint(20) DEFAULT NULL,
  `order_number` varchar(16) NOT NULL,
  `order_status` enum('1','2','3','4','5') DEFAULT '1',
  `order_date` datetime NOT NULL,
  `total_price` decimal(10,2) DEFAULT NULL,
  `total_items` int(10) DEFAULT NULL,
  `payment_method` int(11) DEFAULT 1,
  `delivery_data` text DEFAULT NULL,
  `delivered_date` datetime DEFAULT NULL,
  `finish_date` datetime DEFAULT NULL
) ENGINE=InnoDB DEFAULT CHARSET=utf8mb4;

--
-- Dumping data untuk tabel `orders`
--

INSERT INTO `orders` (`id`, `user_id`, `coupon_id`, `order_number`, `order_status`, `order_date`, `total_price`, `total_items`, `payment_method`, `delivery_data`, `delivered_date`, `finish_date`) VALUES
(1, 3, NULL, 'AVT1912313481', '3', '2023-01-19 23:35:22', '15000000.00', 1, 2, '{\"customer\":{\"name\":\"Jenets\",\"phone_number\":\"0828582468\",\"address\":\"victory\"},\"note\":\"\"}', NULL, NULL),
(2, 3, NULL, 'NLX3012313123', '5', '2023-01-30 22:32:21', '15000000.00', 1, 1, '{\"customer\":{\"name\":\"Jenets\",\"phone_number\":\"0828582468\",\"address\":\"victory\"},\"note\":\"\"}', NULL, NULL),
(3, 3, NULL, 'CNR3012313129', '5', '2023-01-30 23:28:18', '30000000.00', 1, 1, '{\"customer\":{\"name\":\"Jenets\",\"phone_number\":\"0828582468\",\"address\":\"victory\"},\"note\":\"\"}', NULL, NULL),
(4, 3, NULL, 'IVB3012313432', '2', '2023-01-30 23:48:13', '3000000.00', 1, 1, '{\"customer\":{\"name\":\"Jenets\",\"phone_number\":\"0828582468\",\"address\":\"victory\"},\"note\":\"\"}', NULL, NULL);

-- --------------------------------------------------------

--
-- Struktur dari tabel `order_items`
--

CREATE TABLE `order_items` (
  `id` bigint(20) NOT NULL,
  `order_id` bigint(20) DEFAULT NULL,
  `product_id` bigint(20) DEFAULT NULL,
  `order_qty` int(10) NOT NULL,
  `order_price` decimal(10,2) DEFAULT NULL
) ENGINE=InnoDB DEFAULT CHARSET=utf8mb4;

--
-- Dumping data untuk tabel `order_items`
--

INSERT INTO `order_items` (`id`, `order_id`, `product_id`, `order_qty`, `order_price`) VALUES
(1, 1, 1, 1, '15000000.00'),
(2, 2, 1, 1, '15000000.00'),
(3, 3, 1, 2, '15000000.00'),
(4, 4, 3, 1, '3000000.00');

-- --------------------------------------------------------

--
-- Struktur dari tabel `payments`
--

CREATE TABLE `payments` (
  `id` bigint(20) NOT NULL,
  `order_id` bigint(20) DEFAULT NULL,
  `payment_price` decimal(10,2) DEFAULT NULL,
  `payment_date` datetime NOT NULL,
  `picture_name` varchar(191) DEFAULT NULL,
  `payment_status` enum('1','2','3') DEFAULT '1',
  `confirmed_date` datetime DEFAULT NULL,
  `payment_data` text DEFAULT NULL
) ENGINE=InnoDB DEFAULT CHARSET=utf8mb4;

--
-- Dumping data untuk tabel `payments`
--

INSERT INTO `payments` (`id`, `order_id`, `payment_price`, `payment_date`, `picture_name`, `payment_status`, `confirmed_date`, `payment_data`) VALUES
(1, 4, '3000000.00', '2023-01-30 23:48:41', 'template2.jpg', '1', NULL, '{\"transfer_to\":\"bank-bri\",\"source\":{\"bank\":\"asdasd\",\"name\":\"Jenet\",\"number\":\"1458548548\"}}');

-- --------------------------------------------------------

--
-- Struktur dari tabel `products`
--

CREATE TABLE `products` (
  `id` bigint(20) NOT NULL,
  `category_id` int(10) DEFAULT NULL,
  `sku` varchar(32) DEFAULT NULL,
  `name` varchar(191) NOT NULL,
  `description` text NOT NULL,
  `picture_name` varchar(191) DEFAULT NULL,
  `price` decimal(10,2) NOT NULL,
  `current_discount` decimal(8,2) DEFAULT 0.00,
  `stock` int(10) NOT NULL,
  `product_unit` varchar(32) DEFAULT NULL,
  `is_available` tinyint(1) DEFAULT 1,
  `add_date` datetime DEFAULT NULL
) ENGINE=InnoDB DEFAULT CHARSET=utf8mb4;

--
-- Dumping data untuk tabel `products`
--

INSERT INTO `products` (`id`, `category_id`, `sku`, `name`, `description`, `picture_name`, `price`, `current_discount`, `stock`, `product_unit`, `is_available`, `add_date`) VALUES
(1, 1, 'SH12263', 'Sapi', 'berat sapi ini kurang lebih 720kg, dan sapi ini sapi paling bagus yang kami punya', 'kisspng-calf-dairy-cattle-taurine-cattle-cow-bull-5b41544dd80828_2889259015310080778849.png', '15000000.00', '0.00', 1, 'Ekor', 1, '2023-01-19 23:21:03'),
(3, 1, 'KH31080', 'Kambing', '', 'jenis-kambing_width-800_jpegquality-80.jpg', '3000000.00', '0.00', 1, 'Ekor', 1, '2023-01-30 23:44:40');

-- --------------------------------------------------------

--
-- Struktur dari tabel `product_category`
--

CREATE TABLE `product_category` (
  `id` int(10) NOT NULL,
  `name` varchar(191) NOT NULL
) ENGINE=InnoDB DEFAULT CHARSET=utf8mb4;

--
-- Dumping data untuk tabel `product_category`
--

INSERT INTO `product_category` (`id`, `name`) VALUES
(1, 'Hewan');

-- --------------------------------------------------------

--
-- Struktur dari tabel `reviews`
--

CREATE TABLE `reviews` (
  `id` bigint(20) NOT NULL,
  `user_id` bigint(20) UNSIGNED DEFAULT NULL,
  `order_id` bigint(20) DEFAULT NULL,
  `title` varchar(191) DEFAULT NULL,
  `review_text` mediumtext NOT NULL,
  `review_date` datetime NOT NULL,
  `status` tinyint(1) NOT NULL DEFAULT 1
) ENGINE=InnoDB DEFAULT CHARSET=utf8mb4;

--
-- Dumping data untuk tabel `reviews`
--

INSERT INTO `reviews` (`id`, `user_id`, `order_id`, `title`, `review_text`, `review_date`, `status`) VALUES
(2, 3, 1, 'Sangat memuaskan', 'Toko ini sangat memuaskan', '2023-01-19 23:36:18', 1);

-- --------------------------------------------------------

--
-- Struktur dari tabel `settings`
--

CREATE TABLE `settings` (
  `id` int(10) NOT NULL,
  `key` varchar(255) NOT NULL,
  `content` text NOT NULL
) ENGINE=InnoDB DEFAULT CHARSET=utf8mb4;

--
-- Dumping data untuk tabel `settings`
--

INSERT INTO `settings` (`id`, `key`, `content`) VALUES
(1, 'current_theme_name', 'qurbans'),
(2, 'store_name', 'Qurban Time'),
(3, 'store_phone_number', '082397615663'),
(4, 'store_email', 'QurbanTime21@gmail.com'),
(5, 'store_tagline', 'Toko Hewan Qurban Terbaik'),
(6, 'store_logo', 'logoums.png'),
(7, 'max_product_image_size', '20000'),
(8, 'store_description', 'Platform pemesanan hewan qurban dengan mudah dan cepat'),
(9, 'store_address', 'Jl.Sorong Makbon Km.12'),
(10, 'min_shop_to_free_shipping_cost', '1000000'),
(11, 'shipping_cost', '0'),
(12, 'payment_banks', '{\"bank-bri\":{\"bank\":\"BANK BRI\",\"number\":\"123456789\",\"name\":\"Davin Fawwaz Syaddad Ramadhan\"},\"bank-mandiri\":{\"bank\":\"BANK MANDIRI\",\"number\":\"12345678\",\"name\":\"Davin Fawwaz Syaddad Ramadhan\"}}');

-- --------------------------------------------------------

--
-- Struktur dari tabel `users`
--

CREATE TABLE `users` (
  `id` bigint(20) UNSIGNED NOT NULL,
  `name` varchar(50) COLLATE utf8mb4_unicode_ci DEFAULT NULL,
  `email` varchar(191) COLLATE utf8mb4_unicode_ci NOT NULL,
  `email_verified_at` timestamp NULL DEFAULT NULL,
  `username` varchar(16) COLLATE utf8mb4_unicode_ci NOT NULL,
  `password` varchar(191) COLLATE utf8mb4_unicode_ci NOT NULL,
  `profile_picture` varchar(128) COLLATE utf8mb4_unicode_ci DEFAULT NULL,
  `role` varchar(32) COLLATE utf8mb4_unicode_ci DEFAULT '0' COMMENT '1 = admin, 2 = customer',
  `register_date` datetime DEFAULT NULL
) ENGINE=InnoDB DEFAULT CHARSET=utf8mb4 COLLATE=utf8mb4_unicode_ci;

--
-- Dumping data untuk tabel `users`
--

INSERT INTO `users` (`id`, `name`, `email`, `email_verified_at`, `username`, `password`, `profile_picture`, `role`, `register_date`) VALUES
(1, 'DavinRamadhan', 'davin@gmail.com', NULL, 'admin', '$2y$10$kBYyTmKxDKHv9G.AulwH2.5GiVmDaIAaz5bkqXdsCLe53soRf.L/6', 'zyro-image2.png', 'admin', NULL),
(3, NULL, 'jenet@gmail.com', NULL, 'Jenet', '$2y$10$Nz2eIpP3ypEQLNjfHaJfnO/fhtKdMANMY/aDyOe18T0kxlJujhqWu', NULL, 'customer', '2023-01-19 23:16:15'),
(4, NULL, 'wandi@gmail.com', NULL, 'wandi', '$2y$10$TbaxRPF6KHmaIaWa2IxAPO.maXPp54oV./3VF20JKJhr0oIEwd52S', NULL, 'customer', '2023-01-30 21:19:29');

--
-- Indexes for dumped tables
--

--
-- Indeks untuk tabel `ci_sessions`
--
ALTER TABLE `ci_sessions`
  ADD KEY `ci_sessions_timestamp` (`timestamp`);

--
-- Indeks untuk tabel `contacts`
--
ALTER TABLE `contacts`
  ADD PRIMARY KEY (`id`),
  ADD KEY `FK_contacts_contacts` (`parent_id`);

--
-- Indeks untuk tabel `coupons`
--
ALTER TABLE `coupons`
  ADD PRIMARY KEY (`id`);

--
-- Indeks untuk tabel `customers`
--
ALTER TABLE `customers`
  ADD PRIMARY KEY (`id`),
  ADD KEY `FK_customers_users` (`user_id`);

--
-- Indeks untuk tabel `orders`
--
ALTER TABLE `orders`
  ADD PRIMARY KEY (`id`),
  ADD KEY `FK_orders_users` (`user_id`),
  ADD KEY `FK_orders_coupons` (`coupon_id`);

--
-- Indeks untuk tabel `order_items`
--
ALTER TABLE `order_items`
  ADD PRIMARY KEY (`id`),
  ADD KEY `order_id` (`order_id`),
  ADD KEY `product_id` (`product_id`);

--
-- Indeks untuk tabel `payments`
--
ALTER TABLE `payments`
  ADD PRIMARY KEY (`id`),
  ADD KEY `order_id` (`order_id`);

--
-- Indeks untuk tabel `products`
--
ALTER TABLE `products`
  ADD PRIMARY KEY (`id`),
  ADD KEY `FK_products_product_category` (`category_id`);

--
-- Indeks untuk tabel `product_category`
--
ALTER TABLE `product_category`
  ADD PRIMARY KEY (`id`);

--
-- Indeks untuk tabel `reviews`
--
ALTER TABLE `reviews`
  ADD PRIMARY KEY (`id`),
  ADD KEY `FK_reviews_users` (`user_id`),
  ADD KEY `FK_reviews_orders` (`order_id`);

--
-- Indeks untuk tabel `settings`
--
ALTER TABLE `settings`
  ADD PRIMARY KEY (`id`) USING BTREE;

--
-- Indeks untuk tabel `users`
--
ALTER TABLE `users`
  ADD PRIMARY KEY (`id`) USING BTREE,
  ADD UNIQUE KEY `users_email_unique` (`email`) USING BTREE;

--
-- AUTO_INCREMENT untuk tabel yang dibuang
--

--
-- AUTO_INCREMENT untuk tabel `contacts`
--
ALTER TABLE `contacts`
  MODIFY `id` int(10) NOT NULL AUTO_INCREMENT, AUTO_INCREMENT=3;

--
-- AUTO_INCREMENT untuk tabel `coupons`
--
ALTER TABLE `coupons`
  MODIFY `id` bigint(20) NOT NULL AUTO_INCREMENT, AUTO_INCREMENT=6;

--
-- AUTO_INCREMENT untuk tabel `customers`
--
ALTER TABLE `customers`
  MODIFY `id` bigint(20) NOT NULL AUTO_INCREMENT, AUTO_INCREMENT=3;

--
-- AUTO_INCREMENT untuk tabel `orders`
--
ALTER TABLE `orders`
  MODIFY `id` bigint(20) NOT NULL AUTO_INCREMENT, AUTO_INCREMENT=5;

--
-- AUTO_INCREMENT untuk tabel `order_items`
--
ALTER TABLE `order_items`
  MODIFY `id` bigint(20) NOT NULL AUTO_INCREMENT, AUTO_INCREMENT=5;

--
-- AUTO_INCREMENT untuk tabel `payments`
--
ALTER TABLE `payments`
  MODIFY `id` bigint(20) NOT NULL AUTO_INCREMENT, AUTO_INCREMENT=2;

--
-- AUTO_INCREMENT untuk tabel `products`
--
ALTER TABLE `products`
  MODIFY `id` bigint(20) NOT NULL AUTO_INCREMENT, AUTO_INCREMENT=4;

--
-- AUTO_INCREMENT untuk tabel `product_category`
--
ALTER TABLE `product_category`
  MODIFY `id` int(10) NOT NULL AUTO_INCREMENT, AUTO_INCREMENT=9;

--
-- AUTO_INCREMENT untuk tabel `reviews`
--
ALTER TABLE `reviews`
  MODIFY `id` bigint(20) NOT NULL AUTO_INCREMENT, AUTO_INCREMENT=3;

--
-- AUTO_INCREMENT untuk tabel `settings`
--
ALTER TABLE `settings`
  MODIFY `id` int(10) NOT NULL AUTO_INCREMENT, AUTO_INCREMENT=13;

--
-- AUTO_INCREMENT untuk tabel `users`
--
ALTER TABLE `users`
  MODIFY `id` bigint(20) UNSIGNED NOT NULL AUTO_INCREMENT, AUTO_INCREMENT=5;

--
-- Ketidakleluasaan untuk tabel pelimpahan (Dumped Tables)
--

--
-- Ketidakleluasaan untuk tabel `contacts`
--
ALTER TABLE `contacts`
  ADD CONSTRAINT `FK_contacts_contacts` FOREIGN KEY (`parent_id`) REFERENCES `contacts` (`id`) ON DELETE CASCADE ON UPDATE NO ACTION;

--
-- Ketidakleluasaan untuk tabel `customers`
--
ALTER TABLE `customers`
  ADD CONSTRAINT `FK_customers_users` FOREIGN KEY (`user_id`) REFERENCES `users` (`id`) ON DELETE NO ACTION ON UPDATE CASCADE;

--
-- Ketidakleluasaan untuk tabel `orders`
--
ALTER TABLE `orders`
  ADD CONSTRAINT `FK_orders_coupons` FOREIGN KEY (`coupon_id`) REFERENCES `coupons` (`id`) ON DELETE SET NULL ON UPDATE CASCADE,
  ADD CONSTRAINT `FK_orders_users` FOREIGN KEY (`user_id`) REFERENCES `users` (`id`) ON DELETE NO ACTION ON UPDATE CASCADE;

--
-- Ketidakleluasaan untuk tabel `order_items`
--
ALTER TABLE `order_items`
  ADD CONSTRAINT `order_items_ibfk_1` FOREIGN KEY (`order_id`) REFERENCES `orders` (`id`) ON DELETE CASCADE ON UPDATE NO ACTION,
  ADD CONSTRAINT `order_items_ibfk_2` FOREIGN KEY (`product_id`) REFERENCES `products` (`id`) ON DELETE CASCADE ON UPDATE NO ACTION;
COMMIT;

/*!40101 SET CHARACTER_SET_CLIENT=@OLD_CHARACTER_SET_CLIENT */;
/*!40101 SET CHARACTER_SET_RESULTS=@OLD_CHARACTER_SET_RESULTS */;
/*!40101 SET COLLATION_CONNECTION=@OLD_COLLATION_CONNECTION */;
